RowID,Country,Region,CustID,CustName,SalesChannel,UnitsSold,DateSold,ProductID,ProductName,StdCost,StdPrice
2003,UK,Europe,23695,Acton Ratliff,Agent,2,09/03/2020,LCLTRG24,Lavendar & Camomile Liquitabs - Regular * 24,4.15,7.99
2004,UK,Europe,24191,Addison Doyle,Agent,2,06/04/2020,UCCPRG24,Ultraclean Original Capsules - Regular * 24,4.79,8.49
2005,UK,Europe,23385,Adrian Alvarez,Agent,8,06/04/2020,SSBUNDLE,Sensitive Skin Laundry Bundle,12.15,15.79
2006,UK,Europe,23657,Aimee James,Agent,7,23/03/2020,SCCPNB24,Spring Breeze 2 in 1 capsules - No Bio * 24,4.13,7.99
2007,UK,Europe,23710,Alexa Byrd,Agent,6,06/04/2020,UCCPRG24,Ultraclean Original Capsules - Regular * 24,4.79,8.49
2008,UK,Europe,24197,Alma Benson,Agent,5,09/03/2020,LCLTRG24,Lavendar & Camomile Liquitabs - Regular * 24,4.15,7.99
2009,UK,Europe,23557,Amir Solomon,Agent,6,06/04/2020,SSBUNDLE,Sensitive Skin Laundry Bundle,12.15,15.79
2010,UK,Europe,23279,Angela Wise,Agent,4,16/03/2020,UCCPRG24,Ultraclean Original Capsules - Regular * 24,4.79,8.49
2011,UK,Europe,24115,Anne Rivers,Agent,3,30/03/2020,SCCPNB24,Spring Breeze 2 in 1 capsules - No Bio * 24,4.13,7.99
2012,UK,Europe,23414,Arden Conrad,Agent,6,16/03/2020,SCCPNB24,Spring Breeze 2 in 1 capsules - No Bio * 24,4.13,7.99
2013,UK,Europe,23346,Aretha Patton,Agent,5,09/03/2020,UCCPRG24,Ultraclean Original Capsules - Regular * 24,4.79,8.49
2014,UK,Europe,23980,Armando Huber,Agent,10,16/03/2020,SSBUNDLE,Sensitive Skin Laundry Bundle,12.15,15.79
2015,UK,Europe,23274,Asher Weber,Agent,6,30/03/2020,SSBUNDLE,Sensitive Skin Laundry Bundle,12.15,15.79
2016,UK,Europe,23890,Astra Terry,Agent,1,23/03/2020,UCCPRG24,Ultraclean Original Capsules - Regular * 24,4.79,8.49
2017,UK,Europe,24163,Athena Faulkner,Agent,1,23/03/2020,UCCPRG24,Ultraclean Original Capsules - Regular * 24,4.79,8.49
2018,UK,Europe,23656,Audrey Chase,Agent,1,06/04/2020,LCLTRG24,Lavendar & Camomile Liquitabs - Regular * 24,4.15,7.99
2019,UK,Europe,23945,Audrey Wiggins,Agent,2,02/03/2020,UCCPRG24,Ultraclean Original Capsules - Regular * 24,4.79,8.49
2020,UK,Europe,23743,August Chaney,Agent,7,16/03/2020,LCLTRG24,Lavendar & Camomile Liquitabs - Regular * 24,4.15,7.99
2021,UK,Europe,24124,August Levy,Agent,7,16/03/2020,SSBUNDLE,Sensitive Skin Laundry Bundle,12.15,15.79
2022,UK,Europe,23330,Aurelia Flores,Agent,9,23/03/2020,SCCPNB24,Spring Breeze 2 in 1 capsules - No Bio * 24,4.13,7.99
2023,UK,Europe,23731,Aurelia Jennings,Agent,6,02/03/2020,UCCPRG24,Ultraclean Original Capsules - Regular * 24,4.79,8.49
2024,UK,Europe,24210,Autumn Anthony,Agent,2,23/03/2020,LCLTRG24,Lavendar & Camomile Liquitabs - Regular * 24,4.15,7.99
2025,UK,Europe,23529,Autumn Hobbs,Agent,6,23/03/2020,SSBUNDLE,Sensitive Skin Laundry Bundle,12.15,15.79
2026,UK,Europe,23868,Azalia Riddle,Agent,10,02/03/2020,SCCPNB24,Spring Breeze 2 in 1 capsules - No Bio * 24,4.13,7.99
2027,UK,Europe,23384,Basil Bates,Agent,8,02/03/2020,SCCPNB24,Spring Breeze 2 in 1 capsules - No Bio * 24,4.13,7.99
2028,UK,Europe,23361,Benedict Byrd,Agent,5,02/03/2020,LCLTRG24,Lavendar & Camomile Liquitabs - Regular * 24,4.15,7.99
2029,UK,Europe,23331,Bevis Mcdonald,Agent,2,16/03/2020,UCCPRG24,Ultraclean Original Capsules - Regular * 24,4.79,8.49
2030,UK,Europe,23620,Bradley Fowler,Agent,2,30/03/2020,SCCPNB24,Spring Breeze 2 in 1 capsules - No Bio * 24,4.13,7.99
2031,UK,Europe,23548,Breanna Pacheco,Agent,1,09/03/2020,UCCPRG24,Ultraclean Original Capsules - Regular * 24,4.79,8.49
2032,UK,Europe,23648,Bree Hammond,Agent,1,23/03/2020,SCCPNB24,Spring Breeze 2 in 1 capsules - No Bio * 24,4.13,7.99
2033,UK,Europe,24223,Brenda Hays,Agent,1,23/03/2020,SSBUNDLE,Sensitive Skin Laundry Bundle,12.15,15.79
2034,UK,Europe,23654,Brian Clarke,Agent,8,30/03/2020,SSBUNDLE,Sensitive Skin Laundry Bundle,12.15,15.79
2035,UK,Europe,23509,Briar Clayton,Agent,3,06/04/2020,UCCPRG24,Ultraclean Original Capsules - Regular * 24,4.79,8.49
2036,UK,Europe,23527,Brielle Gonzalez,Agent,8,30/03/2020,LCLTRG24,Lavendar & Camomile Liquitabs - Regular * 24,4.15,7.99
2037,UK,Europe,23886,Brielle Roberson,Agent,10,16/03/2020,SSBUNDLE,Sensitive Skin Laundry Bundle,12.15,15.79
2038,UK,Europe,23742,Britanney Knapp,Agent,7,30/03/2020,SSBUNDLE,Sensitive Skin Laundry Bundle,12.15,15.79
2039,UK,Europe,23375,Brittany Burris,Agent,6,06/04/2020,LCLTRG24,Lavendar & Camomile Liquitabs - Regular * 24,4.15,7.99
2040,UK,Europe,23598,Brock Howell,Agent,8,06/04/2020,LCLTRG24,Lavendar & Camomile Liquitabs - Regular * 24,4.15,7.99
2041,UK,Europe,24064,Bruce Summers,Agent,6,06/04/2020,LCLTRG24,Lavendar & Camomile Liquitabs - Regular * 24,4.15,7.99
2042,UK,Europe,23378,Brynne Mcgowan,Agent,9,09/03/2020,SCCPNB24,Spring Breeze 2 in 1 capsules - No Bio * 24,4.13,7.99
2043,UK,Europe,23843,Burke Rojas,Agent,7,23/03/2020,LCLTRG24,Lavendar & Camomile Liquitabs - Regular * 24,4.15,7.99
2044,UK,Europe,23475,Cadman Wilkinson,Agent,8,09/03/2020,UCCPRG24,Ultraclean Original Capsules - Regular * 24,4.79,8.49
2045,UK,Europe,23451,Caesar Mcgowan,Agent,5,23/03/2020,SSBUNDLE,Sensitive Skin Laundry Bundle,12.15,15.79
2046,UK,Europe,23672,Callie Cervantes,Agent,3,23/03/2020,LCLTRG24,Lavendar & Camomile Liquitabs - Regular * 24,4.15,7.99
2047,UK,Europe,23636,Carol Mckenzie,Agent,1,16/03/2020,SSBUNDLE,Sensitive Skin Laundry Bundle,12.15,15.79
2048,UK,Europe,23404,Cedric Rivera,Agent,7,30/03/2020,LCLTRG24,Lavendar & Camomile Liquitabs - Regular * 24,4.15,7.99
2049,UK,Europe,23752,Celeste Church,Agent,6,09/03/2020,SCCPNB24,Spring Breeze 2 in 1 capsules - No Bio * 24,4.13,7.99
2050,UK,Europe,23266,Celeste Pugh,Agent,9,09/03/2020,SSBUNDLE,Sensitive Skin Laundry Bundle,12.15,15.79
2051,UK,Europe,24051,Charissa Olsen,Agent,2,16/03/2020,UCCPRG24,Ultraclean Original Capsules - Regular * 24,4.79,8.49
2052,UK,Europe,23609,Charlotte Mcdonald,Agent,2,16/03/2020,SSBUNDLE,Sensitive Skin Laundry Bundle,12.15,15.79
2053,UK,Europe,23495,Chava Hunt,Agent,10,16/03/2020,LCLTRG24,Lavendar & Camomile Liquitabs - Regular * 24,4.15,7.99
2054,UK,Europe,24080,Clare Barnes,Agent,2,02/03/2020,SCCPNB24,Spring Breeze 2 in 1 capsules - No Bio * 24,4.13,7.99
2055,UK,Europe,23370,Clark Orr,Agent,4,02/03/2020,UCCPRG24,Ultraclean Original Capsules - Regular * 24,4.79,8.49
2056,UK,Europe,24139,Connor Soto,Agent,3,30/03/2020,SCCPNB24,Spring Breeze 2 in 1 capsules - No Bio * 24,4.13,7.99
2057,UK,Europe,23993,Cooper Guy,Agent,9,09/03/2020,LCLTRG24,Lavendar & Camomile Liquitabs - Regular * 24,4.15,7.99
2058,UK,Europe,23313,Cruz Pacheco,Agent,4,02/03/2020,SCCPNB24,Spring Breeze 2 in 1 capsules - No Bio * 24,4.13,7.99
2059,UK,Europe,23611,Curran Kane,Agent,2,16/03/2020,SSBUNDLE,Sensitive Skin Laundry Bundle,12.15,15.79
2060,UK,Europe,23389,Cynthia Gilliam,Agent,1,06/04/2020,SSBUNDLE,Sensitive Skin Laundry Bundle,12.15,15.79
2061,UK,Europe,23431,Cynthia Underwood,Agent,10,02/03/2020,SSBUNDLE,Sensitive Skin Laundry Bundle,12.15,15.79
2062,UK,Europe,23674,Dara Burch,Agent,5,23/03/2020,SCCPNB24,Spring Breeze 2 in 1 capsules - No Bio * 24,4.13,7.99
2063,UK,Europe,23600,Daria Mcneil,Agent,4,02/03/2020,UCCPRG24,Ultraclean Original Capsules - Regular * 24,4.79,8.49
2064,UK,Europe,23670,Davis Kennedy,Agent,1,06/04/2020,LCLTRG24,Lavendar & Camomile Liquitabs - Regular * 24,4.15,7.99
2065,UK,Europe,23289,Deacon Craig,Agent,6,16/03/2020,LCLTRG24,Lavendar & Camomile Liquitabs - Regular * 24,4.15,7.99
2066,UK,Europe,24251,Deacon Williamson,Agent,8,23/03/2020,UCCPRG24,Ultraclean Original Capsules - Regular * 24,4.79,8.49
2067,UK,Europe,23304,Deanna Santana,Agent,10,16/03/2020,UCCPRG24,Ultraclean Original Capsules - Regular * 24,4.79,8.49
2068,UK,Europe,23662,Deirdre Ford,Agent,7,09/03/2020,SCCPNB24,Spring Breeze 2 in 1 capsules - No Bio * 24,4.13,7.99
2069,UK,Europe,23516,Denton Mcintosh,Agent,10,23/03/2020,SSBUNDLE,Sensitive Skin Laundry Bundle,12.15,15.79
2070,UK,Europe,23379,Desirae Perkins,Agent,5,09/03/2020,LCLTRG24,Lavendar & Camomile Liquitabs - Regular * 24,4.15,7.99
2071,UK,Europe,23677,Destiny Fisher,Agent,4,06/04/2020,UCCPRG24,Ultraclean Original Capsules - Regular * 24,4.79,8.49
2072,UK,Europe,23345,Devin Abbott,Agent,4,06/04/2020,SSBUNDLE,Sensitive Skin Laundry Bundle,12.15,15.79
2073,UK,Europe,24008,Devin Shepard,Agent,2,09/03/2020,SCCPNB24,Spring Breeze 2 in 1 capsules - No Bio * 24,4.13,7.99
2074,UK,Europe,23903,Dillon Carlson,Agent,7,02/03/2020,LCLTRG24,Lavendar & Camomile Liquitabs - Regular * 24,4.15,7.99
2075,UK,Europe,23569,Donna Jacobson,Agent,9,23/03/2020,SCCPNB24,Spring Breeze 2 in 1 capsules - No Bio * 24,4.13,7.99
2076,UK,Europe,23419,Donovan Noel,Agent,8,30/03/2020,UCCPRG24,Ultraclean Original Capsules - Regular * 24,4.79,8.49
2077,UK,Europe,23594,Drake Williamson,Agent,6,30/03/2020,SSBUNDLE,Sensitive Skin Laundry Bundle,12.15,15.79
2078,UK,Europe,23490,Dustin Meyer,Agent,9,16/03/2020,SCCPNB24,Spring Breeze 2 in 1 capsules - No Bio * 24,4.13,7.99
2079,UK,Europe,23485,Ebony Kirk,Agent,7,06/04/2020,SCCPNB24,Spring Breeze 2 in 1 capsules - No Bio * 24,4.13,7.99
2080,UK,Europe,23432,Edward Pope,Agent,7,09/03/2020,LCLTRG24,Lavendar & Camomile Liquitabs - Regular * 24,4.15,7.99
2081,UK,Europe,23368,Emerson Beard,Agent,2,23/03/2020,SSBUNDLE,Sensitive Skin Laundry Bundle,12.15,15.79
2082,UK,Europe,23606,Emily Hogan,Agent,8,02/03/2020,SSBUNDLE,Sensitive Skin Laundry Bundle,12.15,15.79
2083,UK,Europe,23741,Erich Brewer,Agent,7,23/03/2020,SCCPNB24,Spring Breeze 2 in 1 capsules - No Bio * 24,4.13,7.99
2084,UK,Europe,23628,Erich Little,Agent,9,16/03/2020,SCCPNB24,Spring Breeze 2 in 1 capsules - No Bio * 24,4.13,7.99
2085,UK,Europe,23955,Ethan Colon,Agent,5,30/03/2020,SSBUNDLE,Sensitive Skin Laundry Bundle,12.15,15.79
2086,UK,Europe,23667,Evelyn Cherry,Agent,8,06/04/2020,UCCPRG24,Ultraclean Original Capsules - Regular * 24,4.79,8.49
2087,UK,Europe,23619,Flynn Robinson,Agent,6,06/04/2020,SSBUNDLE,Sensitive Skin Laundry Bundle,12.15,15.79
2088,UK,Europe,23311,Forrest Macdonald,Agent,4,30/03/2020,LCLTRG24,Lavendar & Camomile Liquitabs - Regular * 24,4.15,7.99
2089,UK,Europe,24247,Forrest Maddox,Agent,9,23/03/2020,LCLTRG24,Lavendar & Camomile Liquitabs - Regular * 24,4.15,7.99
2090,UK,Europe,23536,Francesca Bolton,Agent,8,06/04/2020,SCCPNB24,Spring Breeze 2 in 1 capsules - No Bio * 24,4.13,7.99
2091,UK,Europe,23460,Fuller Hamilton,Agent,2,02/03/2020,SCCPNB24,Spring Breeze 2 in 1 capsules - No Bio * 24,4.13,7.99
2092,UK,Europe,24093,Gage Rivera,Agent,9,06/04/2020,LCLTRG24,Lavendar & Camomile Liquitabs - Regular * 24,4.15,7.99
2093,UK,Europe,23899,Garrett Burnett,Agent,5,06/04/2020,UCCPRG24,Ultraclean Original Capsules - Regular * 24,4.79,8.49
2094,UK,Europe,23338,George Best,Agent,10,06/04/2020,SSBUNDLE,Sensitive Skin Laundry Bundle,12.15,15.79
2095,UK,Europe,23299,Germaine Kidd,Agent,1,09/03/2020,SSBUNDLE,Sensitive Skin Laundry Bundle,12.15,15.79
2096,UK,Europe,23518,Ginger Boyd,Agent,2,16/03/2020,UCCPRG24,Ultraclean Original Capsules - Regular * 24,4.79,8.49
2097,UK,Europe,23616,Grant Gilbert,Agent,10,02/03/2020,SCCPNB24,Spring Breeze 2 in 1 capsules - No Bio * 24,4.13,7.99
2098,UK,Europe,23481,Gray Ortega,Agent,8,09/03/2020,SSBUNDLE,Sensitive Skin Laundry Bundle,12.15,15.79
2099,UK,Europe,23574,Griffin Gray,Agent,10,09/03/2020,SSBUNDLE,Sensitive Skin Laundry Bundle,12.15,15.79
2100,UK,Europe,23582,Griffin Grimes,Agent,1,23/03/2020,LCLTRG24,Lavendar & Camomile Liquitabs - Regular * 24,4.15,7.99
2101,UK,Europe,23556,Guinevere Simpson,Agent,10,30/03/2020,LCLTRG24,Lavendar & Camomile Liquitabs - Regular * 24,4.15,7.99
2102,UK,Europe,23671,Hadassah Hodge,Agent,1,02/03/2020,SSBUNDLE,Sensitive Skin Laundry Bundle,12.15,15.79
2103,UK,Europe,23683,Harding Blackwell,Agent,6,02/03/2020,UCCPRG24,Ultraclean Original Capsules - Regular * 24,4.79,8.49
2104,UK,Europe,23568,Harding Larson,Agent,9,06/04/2020,UCCPRG24,Ultraclean Original Capsules - Regular * 24,4.79,8.49
2105,UK,Europe,23577,Harper Zimmerman,Agent,8,02/03/2020,LCLTRG24,Lavendar & Camomile Liquitabs - Regular * 24,4.15,7.99
2106,UK,Europe,23276,Hayes Rollins,Agent,5,02/03/2020,SCCPNB24,Spring Breeze 2 in 1 capsules - No Bio * 24,4.13,7.99
2107,UK,Europe,23634,Hedley Lott,Agent,4,09/03/2020,SCCPNB24,Spring Breeze 2 in 1 capsules - No Bio * 24,4.13,7.99
2108,UK,Europe,23470,Herrod Byers,Agent,4,30/03/2020,SSBUNDLE,Sensitive Skin Laundry Bundle,12.15,15.79
2109,UK,Europe,24216,Hollee Briggs,Agent,2,16/03/2020,SCCPNB24,Spring Breeze 2 in 1 capsules - No Bio * 24,4.13,7.99
2110,UK,Europe,23435,Holmes Graves,Agent,7,06/04/2020,SSBUNDLE,Sensitive Skin Laundry Bundle,12.15,15.79
2111,UK,Europe,24017,Ignatius Contreras,Agent,5,02/03/2020,UCCPRG24,Ultraclean Original Capsules - Regular * 24,4.79,8.49
2112,UK,Europe,23423,Ima Jensen,Agent,10,23/03/2020,SSBUNDLE,Sensitive Skin Laundry Bundle,12.15,15.79
2113,UK,Europe,23503,Ina Faulkner,Agent,3,23/03/2020,UCCPRG24,Ultraclean Original Capsules - Regular * 24,4.79,8.49
2114,UK,Europe,23400,Ina Montgomery,Agent,1,30/03/2020,SCCPNB24,Spring Breeze 2 in 1 capsules - No Bio * 24,4.13,7.99
2115,UK,Europe,23296,India Gilbert,Agent,4,02/03/2020,SCCPNB24,Spring Breeze 2 in 1 capsules - No Bio * 24,4.13,7.99
2116,UK,Europe,23621,Indigo Mullins,Agent,7,30/03/2020,SCCPNB24,Spring Breeze 2 in 1 capsules - No Bio * 24,4.13,7.99
2117,UK,Europe,23273,Isaac Cooper,Agent,10,30/03/2020,SSBUNDLE,Sensitive Skin Laundry Bundle,12.15,15.79
2118,UK,Europe,23302,Isaac Wolf,Agent,1,30/03/2020,SSBUNDLE,Sensitive Skin Laundry Bundle,12.15,15.79
2119,UK,Europe,24182,Isabella Avery,Agent,8,06/04/2020,UCCPRG24,Ultraclean Original Capsules - Regular * 24,4.79,8.49
2120,UK,Europe,23416,Isadora Ford,Agent,7,09/03/2020,SSBUNDLE,Sensitive Skin Laundry Bundle,12.15,15.79
2121,UK,Europe,23369,Ivor Mclaughlin,Agent,4,23/03/2020,LCLTRG24,Lavendar & Camomile Liquitabs - Regular * 24,4.15,7.99
2122,UK,Europe,23427,Ivy Wells,Agent,6,06/04/2020,SCCPNB24,Spring Breeze 2 in 1 capsules - No Bio * 24,4.13,7.99
2123,UK,Europe,24116,Jackson Gallegos,Agent,6,30/03/2020,SCCPNB24,Spring Breeze 2 in 1 capsules - No Bio * 24,4.13,7.99
2124,UK,Europe,24147,Jackson Rivas,Agent,9,02/03/2020,SCCPNB24,Spring Breeze 2 in 1 capsules - No Bio * 24,4.13,7.99
2125,UK,Europe,24204,Jacob Oconnor,Agent,1,02/03/2020,UCCPRG24,Ultraclean Original Capsules - Regular * 24,4.79,8.49
2126,UK,Europe,23269,Jane Hernandez,Agent,3,16/03/2020,LCLTRG24,Lavendar & Camomile Liquitabs - Regular * 24,4.15,7.99
2127,UK,Europe,23685,Jennifer Harrington,Agent,2,02/03/2020,SSBUNDLE,Sensitive Skin Laundry Bundle,12.15,15.79
2128,UK,Europe,24249,Jerome Hoffman,Agent,4,06/04/2020,UCCPRG24,Ultraclean Original Capsules - Regular * 24,4.79,8.49
2129,UK,Europe,23362,Jerry Alvarado,Agent,8,09/03/2020,UCCPRG24,Ultraclean Original Capsules - Regular * 24,4.79,8.49
2130,UK,Europe,23358,Joel Rivers,Agent,3,02/03/2020,SSBUNDLE,Sensitive Skin Laundry Bundle,12.15,15.79
2131,UK,Europe,23321,Kareem Mays,Agent,3,16/03/2020,SSBUNDLE,Sensitive Skin Laundry Bundle,12.15,15.79
2132,UK,Europe,23396,Katelyn Adams,Agent,4,06/04/2020,SSBUNDLE,Sensitive Skin Laundry Bundle,12.15,15.79
2133,UK,Europe,23326,Katelyn Joseph,Agent,7,30/03/2020,UCCPRG24,Ultraclean Original Capsules - Regular * 24,4.79,8.49
2134,UK,Europe,23317,Kay Buckley,Agent,2,16/03/2020,SCCPNB24,Spring Breeze 2 in 1 capsules - No Bio * 24,4.13,7.99
2135,UK,Europe,23494,Kay Dixon,Agent,4,23/03/2020,SCCPNB24,Spring Breeze 2 in 1 capsules - No Bio * 24,4.13,7.99
2136,UK,Europe,23328,Keaton Wolfe,Agent,1,09/03/2020,SCCPNB24,Spring Breeze 2 in 1 capsules - No Bio * 24,4.13,7.99
2137,UK,Europe,23542,Kendall Harmon,Agent,4,02/03/2020,SSBUNDLE,Sensitive Skin Laundry Bundle,12.15,15.79
2138,UK,Europe,23933,Kenneth Bolton,Agent,8,30/03/2020,SSBUNDLE,Sensitive Skin Laundry Bundle,12.15,15.79
2139,UK,Europe,23684,Kieran Charles,Agent,7,30/03/2020,SCCPNB24,Spring Breeze 2 in 1 capsules - No Bio * 24,4.13,7.99
2140,UK,Europe,23500,Kimberley Daniel,Agent,3,30/03/2020,LCLTRG24,Lavendar & Camomile Liquitabs - Regular * 24,4.15,7.99
2141,UK,Europe,23732,Kyra Osborn,Agent,10,09/03/2020,SSBUNDLE,Sensitive Skin Laundry Bundle,12.15,15.79
2142,UK,Europe,23429,Lacota Hinton,Agent,2,30/03/2020,LCLTRG24,Lavendar & Camomile Liquitabs - Regular * 24,4.15,7.99
2143,UK,Europe,23826,Laith Charles,Agent,7,09/03/2020,SSBUNDLE,Sensitive Skin Laundry Bundle,12.15,15.79
2144,UK,Europe,23547,Lana Norris,Agent,6,16/03/2020,SSBUNDLE,Sensitive Skin Laundry Bundle,12.15,15.79
2145,UK,Europe,23940,Lara Rogers,Agent,6,16/03/2020,SCCPNB24,Spring Breeze 2 in 1 capsules - No Bio * 24,4.13,7.99
2146,UK,Europe,23399,Leah Golden,Agent,5,16/03/2020,LCLTRG24,Lavendar & Camomile Liquitabs - Regular * 24,4.15,7.99
2147,UK,Europe,24214,Leigh Little,Agent,7,09/03/2020,SCCPNB24,Spring Breeze 2 in 1 capsules - No Bio * 24,4.13,7.99
2148,UK,Europe,23885,Leigh Schultz,Agent,8,09/03/2020,UCCPRG24,Ultraclean Original Capsules - Regular * 24,4.79,8.49
2149,UK,Europe,23422,Leo Osborne,Agent,10,02/03/2020,SSBUNDLE,Sensitive Skin Laundry Bundle,12.15,15.79
2150,UK,Europe,23363,Lesley Aguilar,Agent,4,16/03/2020,SSBUNDLE,Sensitive Skin Laundry Bundle,12.15,15.79
2151,UK,Europe,24243,Lester Emerson,Agent,5,23/03/2020,SCCPNB24,Spring Breeze 2 in 1 capsules - No Bio * 24,4.13,7.99
2152,UK,Europe,23450,Lewis Hall,Agent,1,16/03/2020,SSBUNDLE,Sensitive Skin Laundry Bundle,12.15,15.79
2153,UK,Europe,23447,Lewis Lester,Agent,2,23/03/2020,LCLTRG24,Lavendar & Camomile Liquitabs - Regular * 24,4.15,7.99
2154,UK,Europe,23406,Linda Morales,Agent,4,09/03/2020,SCCPNB24,Spring Breeze 2 in 1 capsules - No Bio * 24,4.13,7.99
2155,UK,Europe,23566,Lois Compton,Agent,3,16/03/2020,SCCPNB24,Spring Breeze 2 in 1 capsules - No Bio * 24,4.13,7.99
2156,UK,Europe,23588,Lois Weber,Agent,9,16/03/2020,SCCPNB24,Spring Breeze 2 in 1 capsules - No Bio * 24,4.13,7.99
2157,UK,Europe,23645,Lucius James,Agent,7,06/04/2020,SSBUNDLE,Sensitive Skin Laundry Bundle,12.15,15.79
2158,UK,Europe,23896,Lyle Lawson,Agent,9,02/03/2020,SCCPNB24,Spring Breeze 2 in 1 capsules - No Bio * 24,4.13,7.99
2159,UK,Europe,23532,Lysandra Hunter,Agent,6,30/03/2020,SCCPNB24,Spring Breeze 2 in 1 capsules - No Bio * 24,4.13,7.99
2160,UK,Europe,23277,MacKenzie Moss,Agent,10,23/03/2020,SCCPNB24,Spring Breeze 2 in 1 capsules - No Bio * 24,4.13,7.99
2161,UK,Europe,23498,Madeson Baker,Agent,1,30/03/2020,SCCPNB24,Spring Breeze 2 in 1 capsules - No Bio * 24,4.13,7.99
2162,UK,Europe,23401,Maia Mitchell,Agent,10,02/03/2020,SCCPNB24,Spring Breeze 2 in 1 capsules - No Bio * 24,4.13,7.99
2163,UK,Europe,23579,Marcia Everett,Agent,6,30/03/2020,UCCPRG24,Ultraclean Original Capsules - Regular * 24,4.79,8.49
2164,UK,Europe,24057,Maris Cantrell,Agent,3,23/03/2020,SSBUNDLE,Sensitive Skin Laundry Bundle,12.15,15.79
2165,UK,Europe,23663,Maris Shepherd,Agent,2,30/03/2020,LCLTRG24,Lavendar & Camomile Liquitabs - Regular * 24,4.15,7.99
2166,UK,Europe,23507,Martena Hunt,Agent,8,09/03/2020,SSBUNDLE,Sensitive Skin Laundry Bundle,12.15,15.79
2167,UK,Europe,23874,Marvin Oneil,Agent,10,16/03/2020,UCCPRG24,Ultraclean Original Capsules - Regular * 24,4.79,8.49
2168,UK,Europe,23314,Maxine Gentry,Agent,6,06/04/2020,SSBUNDLE,Sensitive Skin Laundry Bundle,12.15,15.79
2169,UK,Europe,23468,Maxwell Hoffman,Agent,4,02/03/2020,SSBUNDLE,Sensitive Skin Laundry Bundle,12.15,15.79
2170,UK,Europe,24016,Megan Clemons,Agent,5,30/03/2020,SCCPNB24,Spring Breeze 2 in 1 capsules - No Bio * 24,4.13,7.99
2171,UK,Europe,23329,Melinda Cobb,Agent,3,23/03/2020,SCCPNB24,Spring Breeze 2 in 1 capsules - No Bio * 24,4.13,7.99
2172,UK,Europe,23669,Melissa Roberts,Agent,4,06/04/2020,SSBUNDLE,Sensitive Skin Laundry Bundle,12.15,15.79
2173,UK,Europe,24011,Merritt Romero,Agent,6,02/03/2020,LCLTRG24,Lavendar & Camomile Liquitabs - Regular * 24,4.15,7.99
2174,UK,Europe,23535,Mia Ferguson,Agent,7,16/03/2020,SCCPNB24,Spring Breeze 2 in 1 capsules - No Bio * 24,4.13,7.99
2175,UK,Europe,23817,Michael Guthrie,Agent,8,23/03/2020,LCLTRG24,Lavendar & Camomile Liquitabs - Regular * 24,4.15,7.99
2176,UK,Europe,24096,Mira Bolton,Agent,2,06/04/2020,SCCPNB24,Spring Breeze 2 in 1 capsules - No Bio * 24,4.13,7.99
2177,UK,Europe,23403,Molly Crane,Agent,7,30/03/2020,UCCPRG24,Ultraclean Original Capsules - Regular * 24,4.79,8.49
2178,UK,Europe,23721,Montana Vincent,Agent,6,09/03/2020,SSBUNDLE,Sensitive Skin Laundry Bundle,12.15,15.79
2179,UK,Europe,23397,Moses Huff,Agent,7,02/03/2020,LCLTRG24,Lavendar & Camomile Liquitabs - Regular * 24,4.15,7.99
2180,UK,Europe,23643,Naida Wilkerson,Agent,5,30/03/2020,SCCPNB24,Spring Breeze 2 in 1 capsules - No Bio * 24,4.13,7.99
2181,UK,Europe,23489,Nichole Vinson,Agent,3,02/03/2020,LCLTRG24,Lavendar & Camomile Liquitabs - Regular * 24,4.15,7.99
2182,UK,Europe,23522,Nissim Bruce,Agent,9,06/04/2020,UCCPRG24,Ultraclean Original Capsules - Regular * 24,4.79,8.49
2183,UK,Europe,23808,Nita Andrews,Agent,1,06/04/2020,SCCPNB24,Spring Breeze 2 in 1 capsules - No Bio * 24,4.13,7.99
2184,UK,Europe,23605,Noble Diaz,Agent,8,23/03/2020,SCCPNB24,Spring Breeze 2 in 1 capsules - No Bio * 24,4.13,7.99
2185,UK,Europe,23324,Noble Warner,Agent,1,06/04/2020,LCLTRG24,Lavendar & Camomile Liquitabs - Regular * 24,4.15,7.99
2186,UK,Europe,23617,Noelle Rasmussen,Agent,7,06/04/2020,UCCPRG24,Ultraclean Original Capsules - Regular * 24,4.79,8.49
2187,UK,Europe,23424,Norman Dale,Agent,6,30/03/2020,SSBUNDLE,Sensitive Skin Laundry Bundle,12.15,15.79
2188,UK,Europe,23351,Nyssa Quinn,Agent,9,02/03/2020,LCLTRG24,Lavendar & Camomile Liquitabs - Regular * 24,4.15,7.99
2189,UK,Europe,23795,Ori Sparks,Agent,5,06/04/2020,UCCPRG24,Ultraclean Original Capsules - Regular * 24,4.79,8.49
2190,UK,Europe,23491,Oscar Clay,Agent,2,16/03/2020,LCLTRG24,Lavendar & Camomile Liquitabs - Regular * 24,4.15,7.99
2191,UK,Europe,24241,Otto Golden,Agent,5,09/03/2020,LCLTRG24,Lavendar & Camomile Liquitabs - Regular * 24,4.15,7.99
2192,UK,Europe,23515,Patience Grant,Agent,10,30/03/2020,SSBUNDLE,Sensitive Skin Laundry Bundle,12.15,15.79
2193,UK,Europe,23637,Penelope Baker,Agent,10,02/03/2020,SCCPNB24,Spring Breeze 2 in 1 capsules - No Bio * 24,4.13,7.99
2194,UK,Europe,23689,Phillip Schneider,Agent,10,06/04/2020,SSBUNDLE,Sensitive Skin Laundry Bundle,12.15,15.79
2195,UK,Europe,24205,Priscilla Quinn,Agent,6,30/03/2020,SSBUNDLE,Sensitive Skin Laundry Bundle,12.15,15.79
2196,UK,Europe,23660,Quemby Romero,Agent,2,02/03/2020,SCCPNB24,Spring Breeze 2 in 1 capsules - No Bio * 24,4.13,7.99
2197,UK,Europe,23835,Quinlan Jensen,Agent,8,23/03/2020,LCLTRG24,Lavendar & Camomile Liquitabs - Regular * 24,4.15,7.99
2198,UK,Europe,23479,Quinn Frederick,Agent,4,16/03/2020,LCLTRG24,Lavendar & Camomile Liquitabs - Regular * 24,4.15,7.99
2199,UK,Europe,23486,Rajah Castillo,Agent,8,23/03/2020,UCCPRG24,Ultraclean Original Capsules - Regular * 24,4.79,8.49
2200,UK,Europe,23480,Ralph Ayala,Agent,10,30/03/2020,SCCPNB24,Spring Breeze 2 in 1 capsules - No Bio * 24,4.13,7.99
2201,UK,Europe,23676,Ralph Carroll,Agent,4,23/03/2020,SCCPNB24,Spring Breeze 2 in 1 capsules - No Bio * 24,4.13,7.99
2202,UK,Europe,23443,Raphael Casey,Agent,1,23/03/2020,SSBUNDLE,Sensitive Skin Laundry Bundle,12.15,15.79
2203,UK,Europe,23815,Rashad Clay,Agent,8,30/03/2020,SSBUNDLE,Sensitive Skin Laundry Bundle,12.15,15.79
2204,UK,Europe,23947,Rebekah Farley,Agent,8,30/03/2020,SSBUNDLE,Sensitive Skin Laundry Bundle,12.15,15.79
2205,UK,Europe,23316,Robert Juarez,Agent,10,30/03/2020,SCCPNB24,Spring Breeze 2 in 1 capsules - No Bio * 24,4.13,7.99
2206,UK,Europe,24195,Robin Stuart,Agent,6,16/03/2020,LCLTRG24,Lavendar & Camomile Liquitabs - Regular * 24,4.15,7.99
2207,UK,Europe,23558,Rogan Garner,Agent,3,09/03/2020,SSBUNDLE,Sensitive Skin Laundry Bundle,12.15,15.79
2208,UK,Europe,23383,Rosalyn Lopez,Agent,7,06/04/2020,LCLTRG24,Lavendar & Camomile Liquitabs - Regular * 24,4.15,7.99
2209,UK,Europe,23895,Rudyard Chan,Agent,1,06/04/2020,UCCPRG24,Ultraclean Original Capsules - Regular * 24,4.79,8.49
2210,UK,Europe,23298,Ryder Conner,Agent,5,09/03/2020,SSBUNDLE,Sensitive Skin Laundry Bundle,12.15,15.79
2211,UK,Europe,24077,Samson Bishop,Agent,4,23/03/2020,SSBUNDLE,Sensitive Skin Laundry Bundle,12.15,15.79
2212,UK,Europe,24126,Samuel Tyler,Agent,10,02/03/2020,UCCPRG24,Ultraclean Original Capsules - Regular * 24,4.79,8.49
2213,UK,Europe,23587,Sandra Clay,Agent,6,02/03/2020,SCCPNB24,Spring Breeze 2 in 1 capsules - No Bio * 24,4.13,7.99
2214,UK,Europe,23879,Savannah Everett,Agent,3,23/03/2020,SSBUNDLE,Sensitive Skin Laundry Bundle,12.15,15.79
2215,UK,Europe,23333,Sawyer Stokes,Agent,2,30/03/2020,SCCPNB24,Spring Breeze 2 in 1 capsules - No Bio * 24,4.13,7.99
2216,UK,Europe,23528,Serena Buckner,Agent,10,02/03/2020,UCCPRG24,Ultraclean Original Capsules - Regular * 24,4.79,8.49
2217,UK,Europe,23629,Serina Hall,Agent,4,09/03/2020,UCCPRG24,Ultraclean Original Capsules - Regular * 24,4.79,8.49
2218,UK,Europe,23533,Serina Moody,Agent,5,23/03/2020,SSBUNDLE,Sensitive Skin Laundry Bundle,12.15,15.79
2219,UK,Europe,23614,Shay Larson,Agent,5,16/03/2020,LCLTRG24,Lavendar & Camomile Liquitabs - Regular * 24,4.15,7.99
2220,UK,Europe,23917,Shellie Dean,Agent,5,30/03/2020,SSBUNDLE,Sensitive Skin Laundry Bundle,12.15,15.79
2221,UK,Europe,24245,Shoshana Wilkinson,Agent,2,06/04/2020,SSBUNDLE,Sensitive Skin Laundry Bundle,12.15,15.79
2222,UK,Europe,23428,Sigourney Bullock,Agent,9,30/03/2020,SSBUNDLE,Sensitive Skin Laundry Bundle,12.15,15.79
2223,UK,Europe,23596,Sopoline Pace,Agent,10,02/03/2020,UCCPRG24,Ultraclean Original Capsules - Regular * 24,4.79,8.49
2224,UK,Europe,24000,Sopoline Stout,Agent,1,23/03/2020,SSBUNDLE,Sensitive Skin Laundry Bundle,12.15,15.79
2225,UK,Europe,23319,Sylvester Roy,Agent,5,09/03/2020,SCCPNB24,Spring Breeze 2 in 1 capsules - No Bio * 24,4.13,7.99
2226,UK,Europe,23348,Tad Mack,Agent,9,16/03/2020,UCCPRG24,Ultraclean Original Capsules - Regular * 24,4.79,8.49
2227,UK,Europe,23987,Thaddeus Mercado,Agent,2,16/03/2020,SSBUNDLE,Sensitive Skin Laundry Bundle,12.15,15.79
2228,UK,Europe,23610,Thane Hood,Agent,4,02/03/2020,SSBUNDLE,Sensitive Skin Laundry Bundle,12.15,15.79
2229,UK,Europe,24029,Theodore Wells,Agent,8,16/03/2020,SSBUNDLE,Sensitive Skin Laundry Bundle,12.15,15.79
2230,UK,Europe,23442,Timon Kline,Agent,2,30/03/2020,UCCPRG24,Ultraclean Original Capsules - Regular * 24,4.79,8.49
2231,UK,Europe,24149,Tucker Klein,Agent,7,16/03/2020,LCLTRG24,Lavendar & Camomile Liquitabs - Regular * 24,4.15,7.99
2232,UK,Europe,23265,Uriel Benton,Agent,5,09/03/2020,LCLTRG24,Lavendar & Camomile Liquitabs - Regular * 24,4.15,7.99
2233,UK,Europe,24246,Vivian Colon,Agent,10,06/04/2020,UCCPRG24,Ultraclean Original Capsules - Regular * 24,4.79,8.49
2234,UK,Europe,23856,Vivian Garrett,Agent,5,30/03/2020,SSBUNDLE,Sensitive Skin Laundry Bundle,12.15,15.79
2235,UK,Europe,23647,Walker Sweeney,Agent,4,16/03/2020,SSBUNDLE,Sensitive Skin Laundry Bundle,12.15,15.79
2236,UK,Europe,23270,Wanda Garza,Agent,6,16/03/2020,SCCPNB24,Spring Breeze 2 in 1 capsules - No Bio * 24,4.13,7.99
2237,UK,Europe,23816,Wanda Guy,Agent,10,16/03/2020,SSBUNDLE,Sensitive Skin Laundry Bundle,12.15,15.79
2238,UK,Europe,23786,Yen Graves,Agent,9,23/03/2020,UCCPRG24,Ultraclean Original Capsules - Regular * 24,4.79,8.49
2239,UK,Europe,24065,Yeo Welch,Agent,8,23/03/2020,SCCPNB24,Spring Breeze 2 in 1 capsules - No Bio * 24,4.13,7.99
2240,UK,Europe,23692,Yuri Huber,Agent,10,23/03/2020,LCLTRG24,Lavendar & Camomile Liquitabs - Regular * 24,4.15,7.99
2241,UK,Europe,23353,Zahir Fields,Agent,3,09/03/2020,SSBUNDLE,Sensitive Skin Laundry Bundle,12.15,15.79
2242,UK,Europe,23592,Zane Hopkins,Agent,7,30/03/2020,LCLTRG24,Lavendar & Camomile Liquitabs - Regular * 24,4.15,7.99
2243,UK,Europe,24036,Zephania Mills,Agent,1,06/04/2020,SCCPNB24,Spring Breeze 2 in 1 capsules - No Bio * 24,4.13,7.99
2244,UK,Europe,23613,Zeus Barr,Agent,6,06/04/2020,LCLTRG24,Lavendar & Camomile Liquitabs - Regular * 24,4.15,7.99
2245,UK,Europe,23472,Zia Ayala,Agent,9,02/03/2020,SCCPNB24,Spring Breeze 2 in 1 capsules - No Bio * 24,4.13,7.99
2246,UK,Europe,23366,Zia Mcmillan,Agent,6,09/03/2020,SSBUNDLE,Sensitive Skin Laundry Bundle,12.15,15.79
2247,UK,Europe,23464,Zorita Hodge,Agent,8,02/03/2020,UCCPRG24,Ultraclean Original Capsules - Regular * 24,4.79,8.49
2248,United States,,54561,Valarie Young,Online,9,16/03/2020,SCCPNB24,Spring Breeze 2 in 1 capsules - No Bio * 24,4.13,7.99
2249,Germany,,54562,Roland Keitel,Online,2,09/03/2020,SCCPNB24,Spring Breeze 2 in 1 capsules - No Bio * 24,4.13,7.99
2250,United States,,54563,Michael Frick,Online,4,23/03/2020,UCCPRG24,Ultraclean Original Capsules - Regular * 24,4.79,8.49
2251,Norway,,54564,Jonas Bergulfsen,Online,7,02/03/2020,SSBUNDLE,Sensitive Skin Laundry Bundle,12.15,15.79
2252,Spain,,54565,Diego Freyre,Online,7,02/03/2020,SCCPNB24,Spring Breeze 2 in 1 capsules - No Bio * 24,4.13,7.99
2253,Denmark,,54566,Jytte Petersen,Online,6,02/03/2020,SCCPNB24,Spring Breeze 2 in 1 capsules - No Bio * 24,4.13,7.99
2254,Italy,,54567,Giovanni Rovelli,Online,3,09/03/2020,SCCPNB24,Spring Breeze 2 in 1 capsules - No Bio * 24,4.13,7.99
2255,United States,,54568,Kwai Yu,Online,6,30/03/2020,UCCPRG24,Ultraclean Original Capsules - Regular * 24,4.79,8.49
2256,Philippines,,54569,Arnold Cruz,Online,7,02/03/2020,UCCPRG24,Ultraclean Original Capsules - Regular * 24,4.79,8.49
2257,United States,,54570,Rosa Hernandez,Online,2,30/03/2020,UCCPRG24,Ultraclean Original Capsules - Regular * 24,4.79,8.49
2258,United Kingdom,,54571,Victoria Ashworth,Online,2,30/03/2020,SSBUNDLE,Sensitive Skin Laundry Bundle,12.15,15.79
2259,United States,,54572,Julie Murphy,Online,4,30/03/2020,UCCPRG24,Ultraclean Original Capsules - Regular * 24,4.79,8.49
2260,Sweden,,54573,Christina Berglund,Online,9,23/03/2020,SSBUNDLE,Sensitive Skin Laundry Bundle,12.15,15.79
2261,United States,,54574,Valarie Nelson,Online,1,09/03/2020,SSBUNDLE,Sensitive Skin Laundry Bundle,12.15,15.79
2262,France,,54575,Marie Bertrand,Online,5,02/03/2020,LCLTRG24,Lavendar & Camomile Liquitabs - Regular * 24,4.15,7.99
2263,United States,,54576,Maria Hernandez,Online,8,30/03/2020,SSBUNDLE,Sensitive Skin Laundry Bundle,12.15,15.79
2264,Belgium,,54577,Pascale Cartrain,Online,5,02/03/2020,UCCPRG24,Ultraclean Original Capsules - Regular * 24,4.79,8.49
2265,Singapore,,54578,Eric Natividad,Online,6,23/03/2020,LCLTRG24,Lavendar & Camomile Liquitabs - Regular * 24,4.15,7.99
2266,Spain,,54579,Eduardo Saavedra,Online,6,16/03/2020,SSBUNDLE,Sensitive Skin Laundry Bundle,12.15,15.79
2267,Austria,,54580,Georg Pipps,Online,3,23/03/2020,UCCPRG24,Ultraclean Original Capsules - Regular * 24,4.79,8.49
2268,Australia,,54581,Peter Ferguson,Online,7,06/04/2020,SSBUNDLE,Sensitive Skin Laundry Bundle,12.15,15.79
2269,France,,54582,Paul Henriot,Online,5,30/03/2020,SSBUNDLE,Sensitive Skin Laundry Bundle,12.15,15.79
2270,France,,54583,Laurence Lebihan,Online,10,09/03/2020,SCCPNB24,Spring Breeze 2 in 1 capsules - No Bio * 24,4.13,7.99
2271,France,,54584,Carine Schmitt,Online,9,09/03/2020,UCCPRG24,Ultraclean Original Capsules - Regular * 24,4.79,8.49
2272,United States,,54585,Sue King,Online,9,02/03/2020,SSBUNDLE,Sensitive Skin Laundry Bundle,12.15,15.79
2273,Spain,,54586,Mart¡n Sommer,Online,9,16/03/2020,SSBUNDLE,Sensitive Skin Laundry Bundle,12.15,15.79
2274,United States,,54587,Jeff Young,Online,6,02/03/2020,LCLTRG24,Lavendar & Camomile Liquitabs - Regular * 24,4.15,7.99
2275,United Kingdom,,54588,Ann Brown,Online,1,30/03/2020,SSBUNDLE,Sensitive Skin Laundry Bundle,12.15,15.79
2276,United States,,54589,Leslie Taylor,Online,7,16/03/2020,UCCPRG24,Ultraclean Original Capsules - Regular * 24,4.79,8.49
2277,United States,,54590,Dan Lewis,Online,5,30/03/2020,SSBUNDLE,Sensitive Skin Laundry Bundle,12.15,15.79
2278,France,,54591,Daniel Da Cunha,Online,3,30/03/2020,UCCPRG24,Ultraclean Original Capsules - Regular * 24,4.79,8.49
2279,France,,54592,Annette Roulet,Online,10,09/03/2020,SSBUNDLE,Sensitive Skin Laundry Bundle,12.15,15.79
2280,Australia,,54593,Adrian Huxley,Online,3,06/04/2020,UCCPRG24,Ultraclean Original Capsules - Regular * 24,4.79,8.49
2281,United States,,54594,Juri Hirano,Online,8,02/03/2020,UCCPRG24,Ultraclean Original Capsules - Regular * 24,4.79,8.49
2282,Finland,,54595,Kalle Suominen,Online,1,23/03/2020,SCCPNB24,Spring Breeze 2 in 1 capsules - No Bio * 24,4.13,7.99
2283,United States,,54596,Wing C Tam,Online,2,06/04/2020,SSBUNDLE,Sensitive Skin Laundry Bundle,12.15,15.79
2284,United States,,54597,Julie Young,Online,1,23/03/2020,SSBUNDLE,Sensitive Skin Laundry Bundle,12.15,15.79
2285,United States,,54598,Allen Nelson,Online,1,23/03/2020,LCLTRG24,Lavendar & Camomile Liquitabs - Regular * 24,4.15,7.99
2286,Australia,,54599,Anna O'Hara,Online,8,02/03/2020,SCCPNB24,Spring Breeze 2 in 1 capsules - No Bio * 24,4.13,7.99
2287,United States,,54600,Sue Taylor,Online,5,09/03/2020,LCLTRG24,Lavendar & Camomile Liquitabs - Regular * 24,4.15,7.99
2288,Finland,,54601,Pirkko Koskitalo,Online,9,06/04/2020,SSBUNDLE,Sensitive Skin Laundry Bundle,12.15,15.79
2289,Australia,,54602,Tony Calaghan,Online,10,09/03/2020,SCCPNB24,Spring Breeze 2 in 1 capsules - No Bio * 24,4.13,7.99
2290,United States,,54603,Leslie Young,Online,6,06/04/2020,SSBUNDLE,Sensitive Skin Laundry Bundle,12.15,15.79
2291,Finland,,54604,Matti Karttunen,Online,1,02/03/2020,LCLTRG24,Lavendar & Camomile Liquitabs - Regular * 24,4.15,7.99
2292,United States,,54605,Julie Brown,Online,2,16/03/2020,SCCPNB24,Spring Breeze 2 in 1 capsules - No Bio * 24,4.13,7.99
2293,United States,,54606,Michael Chandler,Online,1,09/03/2020,LCLTRG24,Lavendar & Camomile Liquitabs - Regular * 24,4.15,7.99
2294,Denmark,,54607,Palle Ibsen,Online,3,16/03/2020,LCLTRG24,Lavendar & Camomile Liquitabs - Regular * 24,4.15,7.99
2295,Austria,,54608,Roland Mendel,Online,6,23/03/2020,LCLTRG24,Lavendar & Camomile Liquitabs - Regular * 24,4.15,7.99
2296,United States,,54609,Violeta Benitez,Online,3,16/03/2020,LCLTRG24,Lavendar & Camomile Liquitabs - Regular * 24,4.15,7.99
2297,Sweden,,54610,Maria Larsson,Online,5,16/03/2020,UCCPRG24,Ultraclean Original Capsules - Regular * 24,4.79,8.49
2298,Canada,,54611,Jean Fresnisre,Online,3,30/03/2020,UCCPRG24,Ultraclean Original Capsules - Regular * 24,4.79,8.49
2299,United States,,54612,Julie King,Online,4,02/03/2020,UCCPRG24,Ultraclean Original Capsules - Regular * 24,4.79,8.49
2300,Italy,,54613,Maurizio Moroni,Online,10,06/04/2020,LCLTRG24,Lavendar & Camomile Liquitabs - Regular * 24,4.15,7.99
2301,Spain,,54614,Jesus Fernandez,Online,3,02/03/2020,SCCPNB24,Spring Breeze 2 in 1 capsules - No Bio * 24,4.13,7.99
2302,France,,54615,Martine Rance,Online,8,06/04/2020,UCCPRG24,Ultraclean Original Capsules - Regular * 24,4.79,8.49
2303,Norway,,54616,Veysel Oeztan,Online,8,16/03/2020,SCCPNB24,Spring Breeze 2 in 1 capsules - No Bio * 24,4.13,7.99
2304,United States,,54617,Francisca Cervantes,Online,1,02/03/2020,UCCPRG24,Ultraclean Original Capsules - Regular * 24,4.79,8.49
2305,Spain,,54618,Jose Pedro Roel,Online,9,23/03/2020,UCCPRG24,Ultraclean Original Capsules - Regular * 24,4.79,8.49
2306,United Kingdom,,54619,Thomas Hardy,Online,6,16/03/2020,LCLTRG24,Lavendar & Camomile Liquitabs - Regular * 24,4.15,7.99
2307,Germany,,54620,Henriette Pfalzheim,Online,8,30/03/2020,UCCPRG24,Ultraclean Original Capsules - Regular * 24,4.79,8.49
2308,Australia,,54621,Sean Connery,Online,7,09/03/2020,UCCPRG24,Ultraclean Original Capsules - Regular * 24,4.79,8.49
2309,France,,54622,Mary Saveley,Online,1,23/03/2020,SSBUNDLE,Sensitive Skin Laundry Bundle,12.15,15.79
2310,United States,,54623,Steve Frick,Online,9,06/04/2020,UCCPRG24,Ultraclean Original Capsules - Regular * 24,4.79,8.49
2311,United States,,54624,Leslie Murphy,Online,4,16/03/2020,UCCPRG24,Ultraclean Original Capsules - Regular * 24,4.79,8.49
2312,United States,,54625,Steve Thompson,Online,10,09/03/2020,SSBUNDLE,Sensitive Skin Laundry Bundle,12.15,15.79
2313,Canada,,54626,Yoshi Tannamuri,Online,7,23/03/2020,SCCPNB24,Spring Breeze 2 in 1 capsules - No Bio * 24,4.13,7.99
2314,United States,,54627,Valarie Franco,Online,10,30/03/2020,SSBUNDLE,Sensitive Skin Laundry Bundle,12.15,15.79
2315,Japan,,54628,Mory Kentary,Online,6,09/03/2020,SCCPNB24,Spring Breeze 2 in 1 capsules - No Bio * 24,4.13,7.99
2316,France,,54629,Dominique Perrier,Online,2,02/03/2020,SCCPNB24,Spring Breeze 2 in 1 capsules - No Bio * 24,4.13,7.99
2317,France,,54630,Daniel Tonini,Online,10,16/03/2020,SCCPNB24,Spring Breeze 2 in 1 capsules - No Bio * 24,4.13,7.99
2318,Singapore,,54631,Wendy Victorino,Online,5,09/03/2020,LCLTRG24,Lavendar & Camomile Liquitabs - Regular * 24,4.15,7.99
2319,Ireland,,54632,Dean Cassidy,Online,1,09/03/2020,SSBUNDLE,Sensitive Skin Laundry Bundle,12.15,15.79
2320,Belgium,,54633,Catherine Dewey,Online,7,06/04/2020,SSBUNDLE,Sensitive Skin Laundry Bundle,12.15,15.79
2321,United States,,54634,Valarie Thompson,Online,10,30/03/2020,SSBUNDLE,Sensitive Skin Laundry Bundle,12.15,15.79
2322,Switzerland,,54635,Michael Holz,Online,1,16/03/2020,SSBUNDLE,Sensitive Skin Laundry Bundle,12.15,15.79
2323,United States,,54636,Kyung Tseng,Online,8,09/03/2020,UCCPRG24,Ultraclean Original Capsules - Regular * 24,4.79,8.49
2324,United Kingdom,,54637,Helen Bennett,Online,1,30/03/2020,LCLTRG24,Lavendar & Camomile Liquitabs - Regular * 24,4.15,7.99
2325,United States,,54638,William Brown,Online,4,30/03/2020,SCCPNB24,Spring Breeze 2 in 1 capsules - No Bio * 24,4.13,7.99
2326,Canada,,54639,Elizabeth Lincoln,Online,5,16/03/2020,UCCPRG24,Ultraclean Original Capsules - Regular * 24,4.79,8.49
2327,France,,54640,Frederique Citeaux,Online,3,30/03/2020,SCCPNB24,Spring Breeze 2 in 1 capsules - No Bio * 24,4.13,7.99
2328,United States,,54641,Kee Kuo,Online,6,16/03/2020,LCLTRG24,Lavendar & Camomile Liquitabs - Regular * 24,4.15,7.99
2329,United States,,54642,Sue Frick,Online,10,06/04/2020,LCLTRG24,Lavendar & Camomile Liquitabs - Regular * 24,4.15,7.99
2330,United Kingdom,,54643,Elizabeth Devon,Online,8,30/03/2020,UCCPRG24,Ultraclean Original Capsules - Regular * 24,4.79,8.49
2331,Japan,,54644,Akiko Shimamura,Online,8,16/03/2020,SCCPNB24,Spring Breeze 2 in 1 capsules - No Bio * 24,4.13,7.99
2332,United States,,54645,Juri Yoshido,Online,5,06/04/2020,SCCPNB24,Spring Breeze 2 in 1 capsules - No Bio * 24,4.13,7.99
2333,United States,,54646,Kyung Yu,Online,3,02/03/2020,SCCPNB24,Spring Breeze 2 in 1 capsules - No Bio * 24,4.13,7.99
2334,France,,54647,Janine Labrune,Online,4,23/03/2020,UCCPRG24,Ultraclean Original Capsules - Regular * 24,4.79,8.49
2335,United States,,54648,Miguel Barajas,Online,9,30/03/2020,LCLTRG24,Lavendar & Camomile Liquitabs - Regular * 24,4.15,7.99
2336,Italy,,54649,Paolo Accorti,Online,3,23/03/2020,SCCPNB24,Spring Breeze 2 in 1 capsules - No Bio * 24,4.13,7.99
2337,Norway,,54650,Jan Klaeboe,Online,3,02/03/2020,UCCPRG24,Ultraclean Original Capsules - Regular * 24,4.79,8.49
2338,United States,,54651,Marta Hernandez,Online,5,16/03/2020,SSBUNDLE,Sensitive Skin Laundry Bundle,12.15,15.79
2339,Germany,,54652,Michael Donnermeyer,Online,4,30/03/2020,SCCPNB24,Spring Breeze 2 in 1 capsules - No Bio * 24,4.13,7.99
